timestamp,synthetic_actual,Naive(week),GradientBoosting,"ARIMA(1,1,1)"
2025-03-27 00:00:00,24.231155310047384,24.67495762123766,25.670673080116803,25.581405169668763
2025-03-27 00:15:00,29.62951787296271,24.787157181629013,25.514775829896937,25.423027936037826
2025-03-27 00:30:00,22.778327223125153,21.87169826319128,25.316283293665858,25.490286641477258
2025-03-27 00:45:00,27.43539126172542,24.69138434932209,25.34730186389096,25.461723612854534
2025-03-27 01:00:00,31.136879219673133,22.049450476084456,25.849139339548582,25.473853590658482
2025-03-27 01:15:00,28.363988424689452,20.584422680619692,25.81176369761437,25.468702303535967
2025-03-27 01:30:00,25.592707943490208,22.491885788193684,25.62446394123399,25.470889921637784
2025-03-27 01:45:00,22.837186912816136,28.977350095619887,25.869379858266967,25.46996089694054
2025-03-27 02:00:00,22.2681717241119,24.530203476525347,25.58449972597929,25.470355429645938
2025-03-27 02:15:00,24.645804223104104,25.757656182791827,26.146567125600086,25.470187881833603
2025-03-27 02:30:00,23.959410654889037,23.92645117641417,27.05470654374239,25.470259035046084
2025-03-27 02:45:00,23.882156916181284,20.737925954682375,25.297585128700227,25.470228818121278
2025-03-27 03:00:00,24.873241793924,27.56258755966188,25.882276060484404,25.470241650465915
2025-03-27 03:15:00,25.449100458926313,19.80750215623706,24.9485598534586,25.470236200901805
2025-03-27 03:30:00,26.947989447592946,23.88125720123606,26.30522302485771,25.47023851519041
2025-03-27 03:45:00,22.69701175251269,25.18824441377911,27.156847685816782,25.470237532372032
2025-03-27 04:00:00,24.187834764847143,26.002947678489907,25.1503536724831,25.470237949749517
2025-03-27 04:15:00,25.670936545279734,23.787222055749265,25.332385463017875,25.47023777250012
2025-03-27 04:30:00,25.87520036909617,21.30228895975241,25.521072929818715,25.470237847773344
2025-03-27 04:45:00,31.423194243334855,24.3626810586982,25.284089839740805,25.470237815806758
2025-03-27 05:00:00,28.127125305841602,25.207893169718307,25.941191888858977,25.47023782938214
2025-03-27 05:15:00,24.55484827854944,26.1893683852958,27.134166476129018,25.470237823617026
2025-03-27 05:30:00,31.086804323361,31.999776709648597,32.56027581998654,25.47023782606532
2025-03-27 05:45:00,33.33579759925032,28.470910661778017,30.299567739324925,25.470237825025592
2025-03-27 06:00:00,34.09998489800715,34.698532469449894,34.48817299408622,25.470237825467137
2025-03-27 06:15:00,34.30906222123593,37.27157581503923,38.11705900488676,25.470237825279625
2025-03-27 06:30:00,45.061070648653526,42.60035091878454,44.00738783308996,25.470237825359256
2025-03-27 06:45:00,41.53308865635147,43.408248075697784,47.22224319651519,25.470237825325437
2025-03-27 07:00:00,49.37200997642039,49.23118619310995,49.54875043716261,25.470237825339797
2025-03-27 07:15:00,51.406302451021716,50.00890509786213,51.309759865976815,25.470237825333697
2025-03-27 07:30:00,54.96242270644727,54.07965696507035,52.52170339929688,25.470237825336287
2025-03-27 07:45:00,59.382839911521,50.89162169772008,51.80938004757439,25.470237825335186
2025-03-27 08:00:00,57.093644618914915,48.627131562570064,51.19986391600395,25.47023782533565
2025-03-27 08:15:00,53.720423673363406,55.59423068962238,54.410539201907675,25.470237825335452
2025-03-27 08:30:00,56.22815539572707,54.07441183774075,53.48339711122262,25.470237825335538
2025-03-27 08:45:00,49.33259538612993,51.632379158855436,51.95396785853799,25.470237825335502
2025-03-27 09:00:00,48.13453257464553,45.94658557400617,49.76509680725622,25.470237825335516
2025-03-27 09:15:00,40.98203939006299,47.472333355363894,46.87702421218103,25.47023782533551
2025-03-27 09:30:00,38.091076649430285,39.05786449316512,39.85669816622939,25.470237825335513
2025-03-27 09:45:00,37.4807712711577,37.93778145898366,38.299712868366655,25.470237825335513
2025-03-27 10:00:00,35.344197426751954,35.44385053254547,35.899553560561976,25.470237825335513
2025-03-27 10:15:00,27.72830595490659,35.814412225742444,34.91631749365867,25.470237825335513
2025-03-27 10:30:00,31.298773699359828,28.796260544619084,30.27931492512577,25.470237825335513
2025-03-27 10:45:00,26.55620230281199,26.505071793470353,28.42216710571393,25.470237825335513
2025-03-27 11:00:00,30.763801193911384,23.35249700843066,24.671054478158716,25.470237825335513
2025-03-27 11:15:00,25.973137381591208,30.26724528504416,27.291358647668265,25.470237825335513
2025-03-27 11:30:00,23.579966302152975,26.975828558384794,26.143110054656187,25.470237825335513
2025-03-27 11:45:00,26.291402941255775,26.767823625828903,26.216614928689456,25.470237825335513
2025-03-27 12:00:00,23.645677339605545,33.261304760347656,31.034924072165747,25.470237825335513
2025-03-27 12:15:00,29.025267630285054,26.19879594440349,25.120206465408895,25.470237825335513
2025-03-27 12:30:00,25.828853885933878,22.10500416908655,24.979918906695474,25.470237825335513
2025-03-27 12:45:00,25.46964599494302,24.892357929929297,24.458879316763028,25.470237825335513
2025-03-27 13:00:00,27.396208341970222,23.01302908725657,25.143971151500597,25.470237825335513
2025-03-27 13:15:00,23.528597789024722,24.584574715304026,24.42454624401331,25.470237825335513
2025-03-27 13:30:00,23.017959404380754,24.767648850551023,24.29140535075705,25.470237825335513
2025-03-27 13:45:00,27.565647786983725,24.61048717544751,25.707457096445285,25.470237825335513
2025-03-27 14:00:00,24.240951927335256,23.040201748704288,25.32226180747878,25.470237825335513
2025-03-27 14:15:00,24.87235666128769,31.136915444577575,30.093217234714132,25.470237825335513
2025-03-27 14:30:00,30.584862324703362,28.77337167248263,28.466437646007368,25.470237825335513
2025-03-27 14:45:00,30.96821045356922,28.62514940659428,27.74021853053131,25.470237825335513
2025-03-27 15:00:00,28.025672840892298,32.58762058554944,33.211315002416896,25.470237825335513
2025-03-27 15:15:00,31.4982497655519,33.757037374764224,32.345734697855626,25.470237825335513
2025-03-27 15:30:00,33.07280114447459,35.554636180931006,36.67096429661539,25.470237825335513
2025-03-27 15:45:00,42.4491425009856,39.25411875253671,40.13044999930968,25.470237825335513
2025-03-27 16:00:00,43.29285573129693,40.89594583650255,41.48422465394559,25.470237825335513
2025-03-27 16:15:00,43.24991453142789,45.51085960365556,46.11271830522845,25.470237825335513
2025-03-27 16:30:00,49.141102205238084,49.11667554880929,49.031410796391505,25.470237825335513
2025-03-27 16:45:00,47.666768559173995,50.99731017631858,51.56708620292655,25.470237825335513
2025-03-27 17:00:00,52.49967784986031,53.16358630882926,52.64757360565487,25.470237825335513
2025-03-27 17:15:00,57.13721079760172,60.23432645111727,57.110669816189116,25.470237825335513
2025-03-27 17:30:00,60.08456172795561,57.29251032039275,58.267083290361356,25.470237825335513
2025-03-27 17:45:00,60.023928873818974,60.779140003406454,59.533617748285266,25.470237825335513
2025-03-27 18:00:00,61.337362171276844,61.28537873607445,58.80695235605255,25.470237825335513
2025-03-27 18:15:00,60.46480688713875,58.27835042133235,58.707285993216466,25.470237825335513
2025-03-27 18:30:00,58.54781944932816,56.47048630584072,57.948584328133194,25.470237825335513
2025-03-27 18:45:00,56.13885580114344,55.52786904418154,57.95988745175902,25.470237825335513
2025-03-27 19:00:00,53.121187244357046,52.48958660784799,53.496006617307394,25.470237825335513
2025-03-27 19:15:00,51.6440230422262,46.952132181293074,50.04826820458972,25.470237825335513
2025-03-27 19:30:00,48.73598874662585,45.613491382064524,47.40027851348192,25.470237825335513
2025-03-27 19:45:00,44.80764788975758,44.510586747782405,44.947233416744176,25.470237825335513
2025-03-27 20:00:00,38.09244935548344,43.737080255593085,42.715333378193044,25.470237825335513
2025-03-27 20:15:00,35.52352580811148,38.94010308863904,39.33979993615503,25.470237825335513
2025-03-27 20:30:00,36.34322418025709,28.380462734196826,30.516807886099887,25.470237825335513
2025-03-27 20:45:00,36.74054996957761,34.197905319529234,33.59321599838068,25.470237825335513
2025-03-27 21:00:00,31.557945835580554,29.314807031679873,30.85865151121683,25.470237825335513
2025-03-27 21:15:00,28.64441335850949,30.339563891156885,30.669387065102498,25.470237825335513
2025-03-27 21:30:00,29.073204937501583,28.010294965603574,28.23667851385167,25.470237825335513
2025-03-27 21:45:00,24.800990003469217,26.694603809271218,26.84883967668546,25.470237825335513
2025-03-27 22:00:00,30.2842630230791,26.289595126568088,25.565049272062076,25.470237825335513
2025-03-27 22:15:00,27.033757913593274,26.044491096384256,26.65780003360418,25.470237825335513
2025-03-27 22:30:00,24.589558768931134,29.157493546918616,27.20535645353972,25.470237825335513
2025-03-27 22:45:00,25.644307856633716,25.54542536888869,25.10230043789048,25.470237825335513
2025-03-27 23:00:00,24.613527679786404,28.178237907633946,24.83937971115935,25.470237825335513
2025-03-27 23:15:00,29.12881577597043,27.732684813277988,25.28915255876452,25.470237825335513
2025-03-27 23:30:00,25.294573611884204,27.001067019196487,24.71845030482449,25.470237825335513
2025-03-27 23:45:00,26.159505462190673,20.837823361313,24.08735403935446,25.470237825335513
2025-03-28 00:00:00,27.16831321117317,28.05885802468446,25.65689298055194,25.470237825335513
2025-03-28 00:15:00,23.88277527265174,24.12321786145963,26.143170687615562,25.470237825335513
2025-03-28 00:30:00,26.21966057092754,27.057984423012083,25.04359492135818,25.470237825335513
2025-03-28 00:45:00,26.422172189614322,22.838030497763267,25.47364546802412,25.470237825335513
2025-03-28 01:00:00,21.85158614840111,22.307377407430028,25.698781119404504,25.470237825335513
2025-03-28 01:15:00,26.36923427095097,30.211744205820445,25.298305012953897,25.470237825335513
2025-03-28 01:30:00,25.62382411998599,22.879050929984054,25.687772040784278,25.470237825335513
2025-03-28 01:45:00,26.06394862527366,28.13757880734854,25.545968473266377,25.470237825335513
2025-03-28 02:00:00,25.829075832908668,25.569331667509058,26.024944607934557,25.470237825335513
2025-03-28 02:15:00,26.38928252648233,24.224337012942197,26.06778046753456,25.470237825335513
2025-03-28 02:30:00,29.086944937473415,25.164793977193007,26.123124234773545,25.470237825335513
2025-03-28 02:45:00,22.798930041973055,22.028241645593052,25.455036498484983,25.470237825335513
2025-03-28 03:00:00,24.90031897746027,25.254593181923745,26.02959458989088,25.470237825335513
2025-03-28 03:15:00,27.437939147156833,22.597821104745346,25.471655529732725,25.470237825335513
2025-03-28 03:30:00,27.003948631408697,24.346303791039457,25.703935953765498,25.470237825335513
2025-03-28 03:45:00,27.00669056813319,27.704704909437417,26.316109478502092,25.470237825335513
2025-03-28 04:00:00,32.84406167797232,26.128874644918625,25.27056754157137,25.470237825335513
2025-03-28 04:15:00,27.672129946236918,21.964644203479352,24.70618716662852,25.470237825335513
2025-03-28 04:30:00,29.257932226901115,28.09258736828373,25.541238717126394,25.470237825335513
2025-03-28 04:45:00,26.131129211279237,26.414339268373155,25.637201189919203,25.470237825335513
2025-03-28 05:00:00,25.13090227289797,25.79099935135333,26.008482762770782,25.470237825335513
2025-03-28 05:15:00,27.869703618973126,30.055467266565042,28.631130950750407,25.470237825335513
2025-03-28 05:30:00,31.88792573136181,29.2232875252963,30.255435870988816,25.470237825335513
2025-03-28 05:45:00,33.05538231307252,28.657438640970806,28.836706264469548,25.470237825335513
2025-03-28 06:00:00,35.48760777872541,38.632282945587725,37.99512719301864,25.470237825335513
2025-03-28 06:15:00,36.87336732387533,36.899288998376186,38.15677207737584,25.470237825335513
2025-03-28 06:30:00,39.79810174694664,40.06242459750904,42.02301826930415,25.470237825335513
2025-03-28 06:45:00,43.824829713180634,42.79498920932285,44.48134396413153,25.470237825335513
2025-03-28 07:00:00,49.5979424694028,50.26994750736924,50.434251362082016,25.470237825335513
2025-03-28 07:15:00,53.074669082397136,49.19393355635149,50.720266686250454,25.470237825335513
2025-03-28 07:30:00,51.011466593303986,49.19790038518855,51.105832065601355,25.470237825335513
2025-03-28 07:45:00,57.08822588329051,53.01895464470745,51.92902022837387,25.470237825335513
2025-03-28 08:00:00,54.12941874528097,58.60643763804403,54.83183697064093,25.470237825335513
2025-03-28 08:15:00,56.356062754184094,56.79736834295975,54.410539201907675,25.470237825335513
2025-03-28 08:30:00,53.04993473536017,52.42558927460224,52.38341822910037,25.470237825335513
2025-03-28 08:45:00,54.8914897679469,53.94343556368612,53.34274665775612,25.470237825335513
2025-03-28 09:00:00,46.74712535731371,49.19544681655678,50.31735786493256,25.470237825335513
2025-03-28 09:15:00,44.72795239594863,43.14822869936066,44.958344594224,25.470237825335513
2025-03-28 09:30:00,42.25743699527995,39.859458778364186,40.182182918277356,25.470237825335513
2025-03-28 09:45:00,35.23408185336924,37.77555262327553,38.53386736320436,25.470237825335513
2025-03-28 10:00:00,34.30851240034163,31.944216979484953,33.94447277631308,25.470237825335513
2025-03-28 10:15:00,31.38449468368553,31.595498873752256,33.600660071587264,25.470237825335513
2025-03-28 10:30:00,28.837695954452446,30.426792389236105,30.502788517233324,25.470237825335513
2025-03-28 10:45:00,27.572141624208843,23.987312846131097,26.427926702596576,25.470237825335513
2025-03-28 11:00:00,30.411292033684667,26.69123404665844,25.702812321288338,25.470237825335513
2025-03-28 11:15:00,25.42334600036086,25.69536168858297,26.2416316012385,25.470237825335513
2025-03-28 11:30:00,27.871716066316168,28.55914572427346,26.85941156373896,25.470237825335513
2025-03-28 11:45:00,26.95505343504472,21.090602760174775,24.662239079101294,25.470237825335513
2025-03-28 12:00:00,22.51048893647363,24.582453491387795,26.78935220939161,25.470237825335513
2025-03-28 12:15:00,27.217502756377556,24.24847185663549,24.69296494410666,25.470237825335513
2025-03-28 12:30:00,22.360419726316106,27.827659475249845,26.02451161163221,25.470237825335513
2025-03-28 12:45:00,27.48574150669835,25.339924827608723,24.951209400959637,25.470237825335513
2025-03-28 13:00:00,24.715401070424793,30.006896107118337,27.006089796153343,25.470237825335513
2025-03-28 13:15:00,26.1285589037758,27.296453540136138,25.711685684751888,25.470237825335513
2025-03-28 13:30:00,23.071818052245405,24.815239755572957,24.458879316763028,25.470237825335513
2025-03-28 13:45:00,26.917399031000883,26.743869278121743,25.49728275284816,25.470237825335513
2025-03-28 14:00:00,29.374179125893043,25.70491037227835,25.220965871734858,25.470237825335513
2025-03-28 14:15:00,25.671642859213996,29.370825970232097,29.288294628490554,25.470237825335513
2025-03-28 14:30:00,27.041728914900332,24.762431661768332,26.48795976461389,25.470237825335513
2025-03-28 14:45:00,30.858777121137308,27.196263935525753,27.576624032684695,25.470237825335513
2025-03-28 15:00:00,32.42596688975114,31.899425191756595,33.334364508392724,25.470237825335513
2025-03-28 15:15:00,27.027316010493188,35.71043469305901,35.916813252085795,25.470237825335513
2025-03-28 15:30:00,40.43732032740653,29.427162242337104,31.264873809138862,25.470237825335513
2025-03-28 15:45:00,39.39640234836419,41.04447599420491,40.75695478769512,25.470237825335513
2025-03-28 16:00:00,42.83680070211203,40.277445539645115,40.795557896675255,25.470237825335513
2025-03-28 16:15:00,44.00984991339526,39.19229293994289,41.575326610988505,25.470237825335513
2025-03-28 16:30:00,43.128906094107954,39.796249575500724,42.025064986550106,25.470237825335513
2025-03-28 16:45:00,52.81071356073588,46.833722557825084,50.48993874712427,25.470237825335513
2025-03-28 17:00:00,52.83499754086604,53.731984786565256,53.896999927084586,25.470237825335513
2025-03-28 17:15:00,58.30155625181456,56.3102612365695,56.856026343270166,25.470237825335513
2025-03-28 17:30:00,58.47365656304323,60.13693964020882,58.81403942875336,25.470237825335513
2025-03-28 17:45:00,60.92934951900275,58.4938124420449,58.70162653283844,25.470237825335513
2025-03-28 18:00:00,58.84651182457739,57.54718072672057,57.96059481852833,25.470237825335513
2025-03-28 18:15:00,62.49661247756247,58.83620346644841,58.85452349680145,25.470237825335513
2025-03-28 18:30:00,56.052489739348985,58.64074237000761,58.40025846485768,25.470237825335513
2025-03-28 18:45:00,62.55981772857786,57.05610546735358,57.40276171429013,25.470237825335513
2025-03-28 19:00:00,59.84839539712826,51.81389137621522,52.9239885878661,25.470237825335513
2025-03-28 19:15:00,55.21260261793023,52.91774971983785,51.81898900764551,25.470237825335513
2025-03-28 19:30:00,50.964321621672696,45.75541154266185,47.11187007539942,25.470237825335513
2025-03-28 19:45:00,44.16705345948561,41.737410263992956,42.91574889788435,25.470237825335513
2025-03-28 20:00:00,44.02198312846332,39.28291690516007,40.39255455445346,25.470237825335513
2025-03-28 20:15:00,37.847078573888346,40.30789957357069,40.24119221442421,25.470237825335513
2025-03-28 20:30:00,31.52890019338287,34.61398223137999,33.14682599965974,25.470237825335513
2025-03-28 20:45:00,36.88604463658635,30.925036658570704,32.63164277892146,25.470237825335513
2025-03-28 21:00:00,34.065642722599144,33.092130256149744,32.40432353270758,25.470237825335513
2025-03-28 21:15:00,29.6619110041726,34.63040943791856,31.39572852120787,25.470237825335513
2025-03-28 21:30:00,25.516067539175978,28.636514083011726,27.555287239996986,25.470237825335513
2025-03-28 21:45:00,26.244216251914565,30.327603410261087,27.877551011389688,25.470237825335513
2025-03-28 22:00:00,22.52571555312838,29.20205370651963,26.691287789536283,25.470237825335513
2025-03-28 22:15:00,28.996649067477364,24.653126871522087,25.46566546188064,25.470237825335513
2025-03-28 22:30:00,22.321603768406266,25.9297409514928,26.120654650955554,25.470237825335513
2025-03-28 22:45:00,26.84504808084181,22.454888645950653,24.4551490964405,25.470237825335513
2025-03-28 23:00:00,23.88855927410544,25.01871629238607,24.999283231790855,25.470237825335513
2025-03-28 23:15:00,22.349556605038867,23.88411860945875,24.744664104807057,25.470237825335513
2025-03-28 23:30:00,26.462735952307497,24.392912640907483,24.615501717979637,25.470237825335513
2025-03-28 23:45:00,25.003267017230826,23.496307216795564,24.455754337095414,25.470237825335513
2025-03-29 00:00:00,18.896144181098933,15.616208711782098,17.01841476441824,25.470237825335513
2025-03-29 00:15:00,13.632352873771904,17.66522707599146,16.756266008709712,25.470237825335513
2025-03-29 00:30:00,14.908774286021885,16.036610438341953,16.848046836426576,25.470237825335513
2025-03-29 00:45:00,10.833650912948915,11.675102754523177,17.204480914610016,25.470237825335513
2025-03-29 01:00:00,11.342587228682628,14.471431836991723,16.66100870762956,25.470237825335513
2025-03-29 01:15:00,21.299637912051736,12.538937820445327,17.390631521508805,25.470237825335513
2025-03-29 01:30:00,22.01386996186309,16.94830423130384,17.80877904002086,25.470237825335513
2025-03-29 01:45:00,17.037444387798875,17.597201599609964,17.231438052792225,25.470237825335513
2025-03-29 02:00:00,14.746902255955101,16.981124040092293,17.723852382886523,25.470237825335513
2025-03-29 02:15:00,16.061410355377966,14.372301000590266,16.88814350593474,25.470237825335513
2025-03-29 02:30:00,18.99300667753905,16.959485308886684,17.3116921868547,25.470237825335513
2025-03-29 02:45:00,15.525672592337738,15.169638817206168,16.655253283450044,25.470237825335513
2025-03-29 03:00:00,17.410443029884263,13.504074052639913,17.523609912269276,25.470237825335513
2025-03-29 03:15:00,16.79341178944622,18.213406029657172,17.053200520433403,25.470237825335513
2025-03-29 03:30:00,15.420215539651913,18.420595913903988,17.12878972582925,25.470237825335513
2025-03-29 03:45:00,15.558176383531531,18.779176265955474,17.724776181926853,25.470237825335513
2025-03-29 04:00:00,17.663341038604198,14.94244667404479,15.819910436937311,25.470237825335513
2025-03-29 04:15:00,14.585300928030886,19.509206365467687,17.521883370102863,25.470237825335513
2025-03-29 04:30:00,18.318745299406572,15.488745621763114,16.429722671888527,25.470237825335513
2025-03-29 04:45:00,16.26830896457882,18.61428898228356,17.629631822685322,25.470237825335513
2025-03-29 05:00:00,18.158892778572383,16.09647217727062,16.579465006220058,25.470237825335513
2025-03-29 05:15:00,21.873966159975193,17.38738364992487,17.295777796843797,25.470237825335513
2025-03-29 05:30:00,18.792782628679934,12.693597413009844,17.797342132504152,25.470237825335513
2025-03-29 05:45:00,22.574744183548418,19.053729611761646,18.744941479933352,25.470237825335513
2025-03-29 06:00:00,17.13810540145778,21.37919177286542,21.93932644753534,25.470237825335513
2025-03-29 06:15:00,22.053954459491,21.73801726491839,21.932077282607604,25.470237825335513
2025-03-29 06:30:00,25.127255084166848,28.98178301642502,28.65198808383341,25.470237825335513
2025-03-29 06:45:00,31.81469825713009,23.63348566053625,24.82576460565567,25.470237825335513
2025-03-29 07:00:00,24.038558448179153,27.062764878304566,29.21337362177022,25.470237825335513
2025-03-29 07:15:00,30.450579705159836,27.962202149662648,29.77801702092986,25.470237825335513
2025-03-29 07:30:00,35.73796013638663,30.220074876342796,30.272496240643477,25.470237825335513
2025-03-29 07:45:00,31.04441385407838,35.11877683933282,33.04489752365001,25.470237825335513
2025-03-29 08:00:00,32.790799162957356,36.551254989574446,33.19734854442393,25.470237825335513
2025-03-29 08:15:00,33.837701429159004,30.789651753958303,31.048991381079816,25.470237825335513
2025-03-29 08:30:00,32.560287643814476,29.82477671743502,30.36552552569827,25.470237825335513
2025-03-29 08:45:00,34.60969810114992,27.33572960576459,29.45931179485523,25.470237825335513
2025-03-29 09:00:00,30.06518041807455,31.742988673925232,32.057120281379255,25.470237825335513
2025-03-29 09:15:00,30.33275164301999,29.3491097362607,28.70288564701533,25.470237825335513
2025-03-29 09:30:00,24.166353266351173,24.334698974389486,25.0298331431296,25.470237825335513
2025-03-29 09:45:00,21.388286850185658,19.2826317022797,20.968057809231336,25.470237825335513
2025-03-29 10:00:00,21.06502676506338,17.89595764870734,18.75719589000209,25.470237825335513
2025-03-29 10:15:00,17.390055571350544,20.247666245466537,19.253991965384095,25.470237825335513
2025-03-29 10:30:00,20.43610510371616,20.133949974042668,19.042038157364534,25.470237825335513
2025-03-29 10:45:00,17.465013823198234,12.79762640726898,16.39895263912603,25.470237825335513
2025-03-29 11:00:00,16.178442917049985,16.58791970538447,16.651489720305694,25.470237825335513
2025-03-29 11:15:00,18.7135307416248,21.045903756201255,20.43424251957059,25.470237825335513
2025-03-29 11:30:00,14.352693246116246,16.201488989211757,16.065251685493568,25.470237825335513
2025-03-29 11:45:00,18.980629025545962,20.311748032618535,17.139227959979284,25.470237825335513
2025-03-29 12:00:00,15.767747868620832,18.119485976973944,15.878365731937704,25.470237825335513
2025-03-29 12:15:00,19.8157969501778,13.740636152589449,15.970739957514605,25.470237825335513
2025-03-29 12:30:00,15.922567405260981,15.706012432190757,15.835780037232702,25.470237825335513
2025-03-29 12:45:00,18.496218105469183,16.127987657448116,15.594674456129367,25.470237825335513
2025-03-29 13:00:00,17.402989942761362,14.106084402830833,16.07425050524849,25.470237825335513
2025-03-29 13:15:00,18.882494554599,14.13134912802093,16.10679257717692,25.470237825335513
2025-03-29 13:30:00,17.407852072477137,20.43318563713997,18.571617616537637,25.470237825335513
2025-03-29 13:45:00,13.141962760045804,14.390334056407035,15.471326170842376,25.470237825335513
2025-03-29 14:00:00,20.067700597620117,19.77508625527199,17.128650693744554,25.470237825335513
2025-03-29 14:15:00,17.674561321110417,16.335836746078144,17.241757617638097,25.470237825335513
2025-03-29 14:30:00,20.346695967359782,17.84208676400032,16.604499672047698,25.470237825335513
2025-03-29 14:45:00,20.738252364895082,19.950526533054877,18.581701592952143,25.470237825335513
2025-03-29 15:00:00,17.90729059149612,17.877414426498277,18.519058200838362,25.470237825335513
2025-03-29 15:15:00,18.591069563993763,21.83109817540384,21.929700786929125,25.470237825335513
2025-03-29 15:30:00,23.774080455517016,16.552897767759053,18.15394815923527,25.470237825335513
2025-03-29 15:45:00,22.849800486390464,24.24047084568884,25.01962648358065,25.470237825335513
2025-03-29 16:00:00,27.610025768323595,18.630906572963767,21.59781197410165,25.470237825335513
2025-03-29 16:15:00,26.624571089911836,26.036235945058753,25.914507058772397,25.470237825335513
2025-03-29 16:30:00,31.498134286354333,30.608496620765344,29.73662408855661,25.470237825335513
2025-03-29 16:45:00,31.844323787596476,31.875080156955164,31.894386646167288,25.470237825335513
2025-03-29 17:00:00,33.22454515964041,28.791860792685675,30.793160083342972,25.470237825335513
2025-03-29 17:15:00,33.051459887379636,30.59560620873203,30.82753637155505,25.470237825335513
2025-03-29 17:30:00,35.711282177846385,32.94181235662151,32.87138953202282,25.470237825335513
2025-03-29 17:45:00,38.83513297412901,35.851820157378064,35.679132873575114,25.470237825335513
2025-03-29 18:00:00,35.96513851505088,30.55412350133542,31.762146041867936,25.470237825335513
2025-03-29 18:15:00,37.182326345612545,35.35461061151701,34.73717117206648,25.470237825335513
2025-03-29 18:30:00,35.24889143262075,35.44484399123215,34.69569360992436,25.470237825335513
2025-03-29 18:45:00,34.3021651400134,32.816341395707894,33.0229198000131,25.470237825335513
2025-03-29 19:00:00,36.818690766105725,33.35674560862811,32.93487339474175,25.470237825335513
2025-03-29 19:15:00,33.7973329020638,30.885597535015933,30.801715590068163,25.470237825335513
2025-03-29 19:30:00,29.146453675262247,27.127087803511216,27.675302591457168,25.470237825335513
2025-03-29 19:45:00,27.61593200209451,21.772602696341202,22.506039718005873,25.470237825335513
2025-03-29 20:00:00,23.525388664514246,25.146876942054227,25.8307928961063,25.470237825335513
2025-03-29 20:15:00,23.187995494418306,20.771015261741248,22.372773717312135,25.470237825335513
2025-03-29 20:30:00,22.923077191305,20.237005475015103,18.823094919814675,25.470237825335513
2025-03-29 20:45:00,23.019870111411876,21.62442599713227,21.33678471152899,25.470237825335513
2025-03-29 21:00:00,21.730248171020307,22.93380870206439,22.36432573917866,25.470237825335513
2025-03-29 21:15:00,16.25753328956497,18.46880993545673,17.79636139328488,25.470237825335513
2025-03-29 21:30:00,20.83477346725196,19.31075804640556,17.879062180871756,25.470237825335513
2025-03-29 21:45:00,17.69257434675665,13.836589507053805,17.619808622137654,25.470237825335513
2025-03-29 22:00:00,15.10021655677169,17.714783213188625,16.382828541688987,25.470237825335513
2025-03-29 22:15:00,20.664421407040404,16.706974034003196,16.900207726456866,25.470237825335513
2025-03-29 22:30:00,20.814730678777515,19.762881453233586,17.21914635003003,25.470237825335513
2025-03-29 22:45:00,17.70516527490707,15.22793094371903,15.323216181458648,25.470237825335513
2025-03-29 23:00:00,18.74649631593542,15.903697583001907,15.815507308892633,25.470237825335513
2025-03-29 23:15:00,18.848635284897178,19.110327745603588,16.881892442477593,25.470237825335513
2025-03-29 23:30:00,20.39254833210532,16.206312783823574,15.885437968116143,25.470237825335513
2025-03-29 23:45:00,18.707606293597085,13.648610841535103,16.298515860109998,25.470237825335513
2025-03-30 00:00:00,13.548125107548309,22.779708299105536,20.8454493495605,25.470237825335513
2025-03-30 00:15:00,21.892559801630703,13.704837835596553,16.536157238662017,25.470237825335513
2025-03-30 00:30:00,19.532877507015762,16.24026439417735,16.38024240906868,25.470237825335513
2025-03-30 00:45:00,15.595620304603445,17.26943052258489,16.330526828304695,25.470237825335513
2025-03-30 01:00:00,14.296065637218126,17.07245140542494,16.49667168047106,25.470237825335513
2025-03-30 01:15:00,18.132864846724882,15.929751325434175,16.26082255886213,25.470237825335513
2025-03-30 01:30:00,16.175898639304183,15.942927123642864,16.26082255886213,25.470237825335513
2025-03-30 01:45:00,17.697291643345604,15.81825290736382,16.26082255886213,25.470237825335513
2025-03-30 02:00:00,18.731665657526253,13.616593222587666,16.369556300928814,25.470237825335513
2025-03-30 02:15:00,15.458102332720454,21.783034403504764,19.65858169827621,25.470237825335513
2025-03-30 02:30:00,14.085475573221512,15.859047575384414,16.26082255886213,25.470237825335513
2025-03-30 02:45:00,17.842865695182013,17.90392632229531,16.1653172205837,25.470237825335513
2025-03-30 03:00:00,15.549563107696823,15.579679916420744,16.09846120511709,25.470237825335513
2025-03-30 03:15:00,17.257215763589553,15.538346433105351,16.09846120511709,25.470237825335513
2025-03-30 03:30:00,13.55060550606261,15.303591756529649,15.80181114455702,25.470237825335513
2025-03-30 03:45:00,16.30987582093383,12.598997476882799,16.136387664943996,25.470237825335513
2025-03-30 04:00:00,18.784092970599634,16.128439707433223,16.301209757425283,25.470237825335513
2025-03-30 04:15:00,18.609026921725697,15.60995583154563,15.624519853482028,25.470237825335513
2025-03-30 04:30:00,15.285201391773825,19.718186906654438,17.206512852375305,25.470237825335513
2025-03-30 04:45:00,14.593269824015858,14.0554597680852,15.178677882222482,25.470237825335513
2025-03-30 05:00:00,17.9465581249405,15.997560271409384,15.796431026034588,25.470237825335513
2025-03-30 05:15:00,19.883316120711534,15.767912276013307,16.62292613821262,25.470237825335513
2025-03-30 05:30:00,20.292874975837908,22.419542425121552,21.17543209947514,25.470237825335513
2025-03-30 05:45:00,19.06150810577438,17.701665919276476,17.547591120551846,25.470237825335513
2025-03-30 06:00:00,22.42942303099307,22.623890851327406,22.500275799555368,25.470237825335513
2025-03-30 06:15:00,27.052425055391687,25.255219375452153,24.41714021455138,25.470237825335513
2025-03-30 06:30:00,25.637569633358446,24.29267995128286,25.56997533305267,25.470237825335513
2025-03-30 06:45:00,22.990176103176605,23.164297755107487,23.600735749757302,25.470237825335513
2025-03-30 07:00:00,29.5131138851897,25.12800770776437,26.17495916635669,25.470237825335513
2025-03-30 07:15:00,35.867671171532514,32.44046822022669,30.77432746188682,25.470237825335513
2025-03-30 07:30:00,28.9444353599162,28.544706660441047,28.42940865110327,25.470237825335513
2025-03-30 07:45:00,33.14795090542732,33.58698509324005,32.99296611376527,25.470237825335513
2025-03-30 08:00:00,32.82373199005041,33.20872266191774,33.039097058388435,25.470237825335513
2025-03-30 08:15:00,33.31473574831703,33.55113887564244,32.31547791120246,25.470237825335513
2025-03-30 08:30:00,32.65132102600118,32.877931977466964,31.321058154423216,25.470237825335513
2025-03-30 08:45:00,33.6118762612804,27.96104864981384,28.091606852882496,25.470237825335513
2025-03-30 09:00:00,29.222628492502714,26.105129143699337,27.072633426675146,25.470237825335513
2025-03-30 09:15:00,30.27314268087377,28.400590937830163,27.559582005288316,25.470237825335513
2025-03-30 09:30:00,24.83890939626896,23.092966331559673,23.149887358526552,25.470237825335513
2025-03-30 09:45:00,22.430932826984034,15.964182846643247,16.68850146582448,25.470237825335513
2025-03-30 10:00:00,20.02305167362517,22.851176690666847,21.464966692383854,25.470237825335513
2025-03-30 10:15:00,15.811770115578383,17.297113782942347,17.00150303073224,25.470237825335513
2025-03-30 10:30:00,19.983453776614734,19.99511925629877,18.429733593289694,25.470237825335513
2025-03-30 10:45:00,23.631384209875172,21.51171742672349,20.40013275629055,25.470237825335513
2025-03-30 11:00:00,19.07017824381754,17.49977500849326,16.60898634142416,25.470237825335513
2025-03-30 11:15:00,19.250427486585707,19.556252995075837,18.60664886280585,25.470237825335513
2025-03-30 11:30:00,16.246078762125045,17.19643059073719,16.35159030876069,25.470237825335513
2025-03-30 11:45:00,16.510214396331513,20.622900509604058,19.60601319878903,25.470237825335513
2025-03-30 12:00:00,19.491869444291602,13.908277266301186,14.685413507835674,25.470237825335513
2025-03-30 12:15:00,22.006464324276102,16.49747208724583,15.986867245282665,25.470237825335513
2025-03-30 12:30:00,20.690955573936158,18.18726906178328,15.896790025223847,25.470237825335513
2025-03-30 12:45:00,18.996229897003644,16.040368244893976,15.161375712367066,25.470237825335513
2025-03-30 13:00:00,17.10863484041458,19.434585198305484,17.341989259573744,25.470237825335513
2025-03-30 13:15:00,17.6137115395903,15.542594719880546,15.219007340232698,25.470237825335513
2025-03-30 13:30:00,15.315890927146647,21.906366419525007,20.289072067174118,25.470237825335513
2025-03-30 13:45:00,13.746711871256485,22.20590374992924,20.52408868060501,25.470237825335513
2025-03-30 14:00:00,14.79539523872415,17.850850438427756,16.18646602888643,25.470237825335513
2025-03-30 14:15:00,18.084943097169244,18.875225276486443,18.009152869113386,25.470237825335513
2025-03-30 14:30:00,17.709599504015273,20.95203806137906,20.53397230645069,25.470237825335513
2025-03-30 14:45:00,15.405706294532944,15.644596373649241,16.5317169836205,25.470237825335513
2025-03-30 15:00:00,19.813897730009348,16.160485455924714,16.733549888009932,25.470237825335513
2025-03-30 15:15:00,20.14865664937636,23.61905905992081,23.97480564392781,25.470237825335513
2025-03-30 15:30:00,19.27024494729352,22.42061758242172,21.882607464066073,25.470237825335513
2025-03-30 15:45:00,22.749149916975785,22.641613643311988,23.134868214122566,25.470237825335513
2025-03-30 16:00:00,24.53324445147571,24.896714525204974,24.31884189239037,25.470237825335513
2025-03-30 16:15:00,25.59515498086744,20.704923464503935,22.519950025902045,25.470237825335513
2025-03-30 16:30:00,31.322959638282676,28.063157754935826,28.626439878813173,25.470237825335513
2025-03-30 16:45:00,26.095483055449655,28.50339942743538,29.13907008910937,25.470237825335513
2025-03-30 17:00:00,27.606784582186815,34.39974045773745,32.29017892229027,25.470237825335513
2025-03-30 17:15:00,34.06137672896226,36.07401852853505,33.12067879264809,25.470237825335513
2025-03-30 17:30:00,35.43720549978258,36.17186742636209,34.73698206119894,25.470237825335513
2025-03-30 17:45:00,36.93021341040388,36.4416015070898,35.27667663945836,25.470237825335513
2025-03-30 18:00:00,34.81991777462066,31.957263988253228,31.63901965444943,25.470237825335513
2025-03-30 18:15:00,33.626255107281295,36.93095163473981,35.917878585223875,25.470237825335513
2025-03-30 18:30:00,35.181375293868335,36.30643980414966,35.12837804291631,25.470237825335513
2025-03-30 18:45:00,32.95338407838908,36.7035903659164,35.67964382372385,25.470237825335513
2025-03-30 19:00:00,36.454516769008436,37.40564210318019,36.012948145152855,25.470237825335513
2025-03-30 19:15:00,30.04911408326116,26.161559838880617,27.779023341406788,25.470237825335513
2025-03-30 19:30:00,28.88165564158947,27.576705771572136,28.112373972065352,25.470237825335513
2025-03-30 19:45:00,33.335016514858495,24.82408388770503,24.542958068510725,25.470237825335513
2025-03-30 20:00:00,24.859838740174165,25.31128659269907,25.728896357338368,25.470237825335513
2025-03-30 20:15:00,25.077490906687633,23.253882703970504,23.9702586372759,25.470237825335513
2025-03-30 20:30:00,23.832030689508557,21.164331238077814,21.01595117880772,25.470237825335513
2025-03-30 20:45:00,22.788514630393806,23.062300739336706,23.367367908639565,25.470237825335513
2025-03-30 21:00:00,20.647588475880355,16.70361409913577,18.51423257804437,25.470237825335513
2025-03-30 21:15:00,19.581957298961736,16.02783095918945,16.936084286131717,25.470237825335513
2025-03-30 21:30:00,18.709826748757386,15.431707161154993,16.156190081868665,25.470237825335513
2025-03-30 21:45:00,16.54119817322531,16.61364327498028,16.86884424027247,25.470237825335513
2025-03-30 22:00:00,18.448166336672916,14.096173104530632,15.372961368110381,25.470237825335513
2025-03-30 22:15:00,22.46174854063129,16.80198453980714,16.448201599558022,25.470237825335513
2025-03-30 22:30:00,20.24991234295074,16.34276139870018,16.48977626876162,25.470237825335513
2025-03-30 22:45:00,17.872267258226227,14.679463732402436,14.469966593830872,25.470237825335513
2025-03-30 23:00:00,19.180761190046525,18.75888164465754,16.75960604229287,25.470237825335513
2025-03-30 23:15:00,14.823746874818681,16.381214640663973,16.13416157447005,25.470237825335513
2025-03-30 23:30:00,16.318511948184607,19.159690058498917,16.609554889666803,25.470237825335513
2025-03-30 23:45:00,19.323733974087126,15.99976405035141,15.446855382022234,25.470237825335513
2025-03-31 00:00:00,29.651938204018062,25.4068123145297,25.116768614928812,25.470237825335513
2025-03-31 00:15:00,24.007549502652296,24.061038235921966,24.83845334003059,25.470237825335513
2025-03-31 00:30:00,24.726439282859396,25.45107301981408,25.199267185728594,25.470237825335513
2025-03-31 00:45:00,31.38954590165278,27.24996399702206,25.695117642294676,25.470237825335513
2025-03-31 01:00:00,26.177459476202735,24.441750085840063,24.951945287489835,25.470237825335513
2025-03-31 01:15:00,30.495921131585533,26.76682542090675,24.84749528475971,25.470237825335513
2025-03-31 01:30:00,26.455395726360962,23.43966434529263,24.509455745142223,25.470237825335513
2025-03-31 01:45:00,26.5545067516249,27.36996177435234,25.27912937718968,25.470237825335513
2025-03-31 02:00:00,25.17629748086015,24.023539446465577,24.976690263190367,25.470237825335513
2025-03-31 02:15:00,28.29776884871034,27.603859992742898,25.903330482701485,25.470237825335513
2025-03-31 02:30:00,29.338053899870662,25.629330694930324,24.814690243181325,25.470237825335513
2025-03-31 02:45:00,23.3602161476613,29.28338537122663,24.234550089155753,25.470237825335513
2025-03-31 03:00:00,25.07459658648787,22.603832966138942,24.1190791399712,25.470237825335513
2025-03-31 03:15:00,28.25911203651294,21.814253107033217,23.925564536941135,25.470237825335513
2025-03-31 03:30:00,25.67778551845574,23.994393312713143,24.243694609669156,25.470237825335513
2025-03-31 03:45:00,24.824736164272593,22.12995178025534,24.236122027109225,25.470237825335513
2025-03-31 04:00:00,28.683997174290127,22.236583868281432,24.623138087027645,25.470237825335513
2025-03-31 04:15:00,29.09544729855407,27.423970502657983,24.81312485214008,25.470237825335513
2025-03-31 04:30:00,25.506505660410852,26.153443218295052,25.72141574763781,25.470237825335513
2025-03-31 04:45:00,27.62974882920802,25.43290938221301,24.616517527442088,25.470237825335513
2025-03-31 05:00:00,24.79201936870823,26.379079179940735,25.48010918714251,25.470237825335513
2025-03-31 05:15:00,26.616818066688108,26.89570549680451,27.089253585839124,25.470237825335513
2025-03-31 05:30:00,30.618461534164396,33.967250688114056,33.238845404411585,25.470237825335513
2025-03-31 05:45:00,32.31685279577683,29.932850872455134,29.60612484601688,25.470237825335513
2025-03-31 06:00:00,32.262312273729265,30.907447072583103,30.865163582501108,25.470237825335513
2025-03-31 06:15:00,35.819316629881854,39.13265730014711,40.41985590239648,25.470237825335513
2025-03-31 06:30:00,38.27002051991782,39.926521701172675,40.618948230821346,25.470237825335513
2025-03-31 06:45:00,45.612145617024495,49.10470951152168,49.85136296381304,25.470237825335513
2025-03-31 07:00:00,43.06767900308766,46.204542212567574,47.48026981403075,25.470237825335513
2025-03-31 07:15:00,48.64393058889824,52.82111342692622,52.42563635891703,25.470237825335513
2025-03-31 07:30:00,49.06973999872889,55.96586650954347,53.365287828962536,25.470237825335513
2025-03-31 07:45:00,56.429944145184486,53.61233236977002,53.80603843716921,25.470237825335513
2025-03-31 08:00:00,51.44941109786243,53.6322223679621,53.80603843716921,25.470237825335513
2025-03-31 08:15:00,55.46310477174795,56.77047741747186,54.53162849949184,25.470237825335513
2025-03-31 08:30:00,57.82868228171259,54.70038135186436,54.05650100058324,25.470237825335513
2025-03-31 08:45:00,55.36062649885434,47.18379560863527,47.77240836385011,25.470237825335513
2025-03-31 09:00:00,43.47756615764717,44.70452530456792,45.46394484489304,25.470237825335513
2025-03-31 09:15:00,45.2274699486167,37.6736502469048,38.641706009061,25.470237825335513
2025-03-31 09:30:00,38.468549011257885,41.962723701891534,42.95521852342932,25.470237825335513
2025-03-31 09:45:00,34.63616204022844,36.49771346140023,36.34202486180421,25.470237825335513
2025-03-31 10:00:00,34.40700330376144,33.818581452033925,33.46565024514642,25.470237825335513
2025-03-31 10:15:00,35.32170793840383,27.55564911655189,28.098007744232742,25.470237825335513
2025-03-31 10:30:00,31.821399999345918,27.110276245807206,27.805993766287706,25.470237825335513
2025-03-31 10:45:00,27.083619957537387,27.209854312061175,27.316345429744644,25.470237825335513
2025-03-31 11:00:00,29.593863682695332,25.683744003536276,26.191427720745203,25.470237825335513
2025-03-31 11:15:00,21.510475158385134,26.94761549161891,26.418783276286668,25.470237825335513
2025-03-31 11:30:00,24.773355014381693,27.647669141779833,27.290303690058337,25.470237825335513
2025-03-31 11:45:00,24.308860219041375,31.575899818742997,30.93828187631729,25.470237825335513
2025-03-31 12:00:00,26.39876410608654,25.6861991163974,24.821307353796332,25.470237825335513
2025-03-31 12:15:00,25.6125324019891,28.441388283616963,26.189327397263188,25.470237825335513
2025-03-31 12:30:00,25.74054816748827,23.55257327382405,24.182537934866136,25.470237825335513
2025-03-31 12:45:00,25.678736261847746,21.4614486144102,23.401582902114036,25.470237825335513
2025-03-31 13:00:00,26.239421431552273,24.835928527039748,25.150373442034915,25.470237825335513
2025-03-31 13:15:00,27.657991338857872,21.84663894151221,23.32475916136892,25.470237825335513
2025-03-31 13:30:00,26.880868642394848,26.07750330979715,25.958993274539846,25.470237825335513
2025-03-31 13:45:00,26.10058683130509,24.393610376280325,25.150373442034915,25.470237825335513
2025-03-31 14:00:00,28.261196931306092,21.904427079643174,24.06889083995247,25.470237825335513
2025-03-31 14:15:00,29.954388439230097,31.762421759484134,31.50211480231025,25.470237825335513
2025-03-31 14:30:00,27.369605054281426,26.949044813060052,27.16507103948922,25.470237825335513
2025-03-31 14:45:00,29.77374088636454,25.361478770421236,26.618413376812747,25.470237825335513
2025-03-31 15:00:00,34.3317106390779,33.20565302246516,33.640364343451004,25.470237825335513
2025-03-31 15:15:00,30.55588571417371,31.02453081572938,31.185908815714708,25.470237825335513
2025-03-31 15:30:00,40.110583059417095,37.857521967739395,37.90536507252657,25.470237825335513
2025-03-31 15:45:00,34.92715435347207,35.97483526836138,36.705315993061866,25.470237825335513
2025-03-31 16:00:00,40.43111566879543,39.47556228588577,40.54411319239554,25.470237825335513
2025-03-31 16:15:00,42.19324918868791,44.96408276930605,45.250801195753425,25.470237825335513
2025-03-31 16:30:00,53.43713050848965,48.98364078281199,49.760679352681485,25.470237825335513
2025-03-31 16:45:00,50.06555648632004,52.77842021652493,51.88841109602504,25.470237825335513
2025-03-31 17:00:00,53.19588787094957,53.75691723018308,54.42753910909418,25.470237825335513
2025-03-31 17:15:00,56.214878317334055,57.996571285805814,56.34278530266427,25.470237825335513
2025-03-31 17:30:00,59.459689409262566,60.61803322157174,58.3994894433696,25.470237825335513
2025-03-31 17:45:00,59.713169774778166,60.568976383192066,58.4315429984783,25.470237825335513
2025-03-31 18:00:00,60.65180891737214,60.160659960502905,58.182242478160404,25.470237825335513
2025-03-31 18:15:00,51.712638389133446,56.455705215850465,56.74675761239324,25.470237825335513
2025-03-31 18:30:00,59.36636007882537,60.25467519550628,58.18526350411505,25.470237825335513
2025-03-31 18:45:00,57.19043386977414,56.784630878645906,56.5017275970624,25.470237825335513
2025-03-31 19:00:00,57.04996895401935,52.9527866443471,53.62095974454839,25.470237825335513
2025-03-31 19:15:00,54.603529175790094,54.058572028806246,53.68048486605122,25.470237825335513
2025-03-31 19:30:00,47.50637715458458,43.93934254051628,44.68944557810244,25.470237825335513
2025-03-31 19:45:00,46.61902021008225,48.221817609045075,47.64859302035781,25.470237825335513
2025-03-31 20:00:00,38.551717563810925,40.78323563307227,40.57663011987991,25.470237825335513
2025-03-31 20:15:00,40.20589882714657,38.61461773139906,38.63266963301151,25.470237825335513
2025-03-31 20:30:00,34.181527701987335,34.1583862282336,33.92024561582418,25.470237825335513
2025-03-31 20:45:00,30.366320582012133,28.69366128576445,29.841850551778297,25.470237825335513
2025-03-31 21:00:00,30.9796330206104,30.627859284691578,31.06300091992507,25.470237825335513
2025-03-31 21:15:00,33.44146304213328,30.310423506106314,29.55563413003499,25.470237825335513
2025-03-31 21:30:00,29.231565175158615,30.002894264073486,28.58738746652132,25.470237825335513
2025-03-31 21:45:00,31.650961463385592,26.94793741282789,27.01946345156352,25.470237825335513
2025-03-31 22:00:00,25.406770881635286,21.330532377899253,23.884070984238058,25.470237825335513
2025-03-31 22:15:00,29.453597848130038,22.513096040039,25.01035366575862,25.470237825335513
2025-03-31 22:30:00,24.899499243302,31.193227710538096,26.611538303041588,25.470237825335513
2025-03-31 22:45:00,26.891315735025767,23.129933411607972,23.907928131417684,25.470237825335513
2025-03-31 23:00:00,26.73952286603084,29.298718754715825,26.87124948260157,25.470237825335513
2025-03-31 23:15:00,27.770067703175634,23.314400839556715,24.469827149957418,25.470237825335513
2025-03-31 23:30:00,26.693722919717025,25.144010910354538,25.180541141919715,25.470237825335513
2025-03-31 23:45:00,24.189827286784002,27.13408859507381,25.059399021061235,25.470237825335513
